date,Open,High,Low,Close,Volume,RSI,MACD,ATR,BB_upper,BB_lower,Momentum
2024-07-27,67921.46,69418.15,66635.28,67899.41,10233.62198513,81.7264509271163,2570.600567760979,2584.025714285714,71674.10108087392,55145.197919126076,3813.600000000006
2024-07-28,67901.81,68308.82,67021.8,68244.3,3505.5483691,82.15051999189211,2584.2690382481014,2517.4221428571427,71882.4361563172,56091.34984368281,4261.440000000002
2024-07-29,68244.3,70000.0,66400.01,66771.45,13641.48475825,74.2283180490079,2448.03528676938,2469.062857142857,71889.34334849662,56956.801651503374,63.83999999999651
2024-07-30,66767.14,66994.15,65283.68,66169.68,8733.57157991,71.20687631274379,2265.3971591234294,2377.270714285714,71639.63377260437,58052.220227395635,-994.1500000000087
2024-07-31,66169.68,66837.4,64500.0,64609.62,8986.37529253,63.94052706440874,1972.038886362374,2381.0128571428563,71018.98577539963,59399.753224600376,-3571.659999999996
2024-08-01,64609.61,65593.56,62212.81,65288.18,15636.72205775,65.58553136760526,1773.8565485995787,2486.189285714285,70264.4533896431,60892.20061035692,-2270.040000000001
2024-08-02,65293.48,65557.86,61150.0,61418.06,15390.00963957,51.23068145345775,1289.6430754395697,2499.959999999999,69817.63996496073,61558.36203503927,-4521.180000000008
2024-08-03,61418.06,62171.58,59819.13,60674.93,8019.39450918,49.01237565593056,836.2957323604787,2570.563571428571,69844.46776202177,61518.18523797822,-4691.470000000001
2024-08-04,60674.93,61082.3,57123.0,58130.95,10319.01091658,42.26539057063187,268.6400563599309,2670.526428571428,70706.45940308555,59993.572596914426,-7664.470000000001
2024-08-05,58131.31,58282.83,49050.01,54029.12,59125.78926672,34.11167300050754,-506.377354254284,3192.472142857142,72170.70362908799,57423.34137091201,-13894.96
2024-08-06,54037.9,57091.16,53965.57,56048.08,16897.67519536,40.22432928972462,-946.7574069662296,3248.4042857142854,72743.73802718465,56046.53397281537,-11851.330000000002
2024-08-07,56048.07,57757.15,54564.15,55148.1,13971.5151871,38.50927956195069,-1352.788531946062,3330.7214285714285,73272.37743544554,54634.418564554464,-13096.200000000004
2024-08-08,55144.14,62755.24,54737.32,61705.58,20623.04985861,53.92442081056057,-1132.3838745149187,3707.035714285714,72979.43488638353,54427.15811361649,-5065.869999999995
2024-08-09,61704.05,61764.38,59552.46,60862.13,11569.80744379,52.11472561287319,-1014.0812639974683,3685.6685714285713,72597.28476964988,54179.138230350116,-5307.549999999996
2024-08-10,60864.71,61500.0,60255.61,60935.02,3157.63609699,52.26381986452331,-904.0229649994944,3575.777142857143,72008.36825178296,54043.42874821704,-3674.600000000006
2024-08-11,60935.01,61868.69,58312.63,58722.49,5229.37008498,47.43577980588494,-983.990816610778,3737.851428571429,71496.86458804892,53671.35941195109,-6565.690000000002
2024-08-12,58717.44,60721.77,57653.31,59358.78,12183.92944247,48.8978214554971,-984.6719446069619,3699.8849999999998,71132.11154170465,53378.06645829535,-2059.279999999999
2024-08-13,59358.78,61615.43,58402.01,60603.19,10879.76363828,51.725809668990614,-874.7150854061692,3807.2385714285715,70797.54554366294,53236.31145633705,-71.73999999999796
2024-08-14,60603.19,61827.2,58453.56,58690.62,12938.61473824,47.38548661904154,-931.167972523428,3881.255714285715,70373.2632623499,52950.113737650114,559.6700000000055
2024-08-15,58690.62,59883.49,56120.0,57543.61,14506.63316989,44.949503868609064,-1056.2852148799866,3908.5942857142863,69513.51801384198,52771.811986158005,3514.489999999998
2024-08-16,57543.57,59871.61,57096.56,58888.99,11930.21788221,48.30632875847924,-1034.9503453316502,3791.9650000000006,68481.5317934382,52902.756206561775,2840.909999999996
2024-08-17,58888.99,59711.02,58803.45,59497.49,2787.56355634,49.79738520887745,-957.8993752258975,3688.759285714286,67194.71058425978,53314.89641574022,4349.389999999999
2024-08-18,59497.49,60284.99,58422.0,58437.9,4325.64817169,47.24205269562182,-971.141271864115,3539.022857142857,66097.99026704169,53578.261732958315,-3267.6800000000003
2024-08-19,58436.2,59639.81,57820.0,59452.67,8539.29378706,49.89388504418153,-889.4985268158343,3009.5221428571426,65007.05078877373,53997.500211226274,-1409.4599999999991
2024-08-20,59455.81,61457.03,58571.96,59017.59,11062.05279919,48.76219472086081,-850.1039142929294,2992.3421428571423,64175.57914155036,54269.768858449635,-1917.4300000000003
2024-08-21,59017.59,61849.98,58793.89,61163.28,13380.11101719,54.27096721303602,-638.3852416405934,2982.562857142857,63187.71879122718,54845.13920877283,2440.790000000001
2024-08-22,61167.54,61430.48,59750.0,60383.29,9608.6955368,52.07900173621658,-527.4551677204945,2529.8885714285716,63035.001960134774,54894.379039865235,1024.510000000002
2024-08-23,60383.28,64987.0,60343.2,64086.72,17852.77117167,60.281697691456486,-139.10294265236735,2703.5942857142863,63756.13819252342,54514.421807476596,3483.529999999999
2024-08-24,64091.63,64529.78,63564.22,64179.63,5020.91676004,60.46453323673598,174.1584637987471,2683.6778571428576,64547.68425956287,54327.74374043713,5489.009999999995
2024-08-25,64179.63,65050.08,63793.74,64251.93,4012.30764642,60.61646381228915,423.3739991801194,2519.412142857143,64820.45913519158,55077.24986480841,6708.32
2024-08-26,64250.01,64509.36,62806.8,62840.0,10741.96651081,56.083782735328505,501.17096850535745,2421.8478571428573,64957.85139509283,55619.04960490715,3951.010000000002
2024-08-27,62840.09,63226.26,58025.49,59439.64,14195.89496578,46.973815424601035,285.1578707572626,2563.8014285714294,64527.743446542416,56478.31155345759,-57.849999999998545
2024-08-28,59437.68,60236.98,57851.62,59045.88,10001.12169866,46.04116855017957,81.2561232821754,2493.2100000000005,64403.209043762006,56336.875956237986,607.9799999999959
2024-08-29,59047.94,61194.09,58729.39,59364.47,10933.22040343,46.958782720376476,-54.00736688528559,2400.439285714286,64345.43383580272,56244.885164197265,-88.19999999999709
2024-08-30,59353.12,59929.63,57700.0,59112.77,9382.9124508,46.28903466922898,-179.44619973003864,2361.4807142857144,64275.64371626748,56132.45028373252,95.18000000000029
2024-08-31,59117.59,59446.99,58739.31,58968.37,1368.21775121,45.884709039821665,-287.19860495336616,2347.2028571428573,64270.549672218374,56162.13232778163,-2194.909999999996
2024-09-01,58968.37,59070.55,57200.0,57299.0,4411.05388122,41.38423581553175,-501.5162032912631,2347.7428571428577,64359.39587411005,55867.30812588995,-3084.290000000001
2024-09-02,57291.21,59423.0,57119.01,59139.83,4318.6544603,47.49930045912096,-516.8667295868654,2382.3271428571434,64301.09453903495,55779.273460965065,-4946.889999999999
2024-09-03,59138.89,59825.7,57394.49,57468.84,8264.44971184,43.10344453948185,-656.3016236408366,2349.908571428572,64354.95709516901,55603.23290483098,-6710.790000000001
2024-09-04,57460.5,58531.25,55555.0,57971.0,13715.96171494,44.7579898210489,-718.0079181430556,2344.2057142857147,64330.17892704568,55670.750072954324,-6280.93
2024-09-05,57971.0,58326.12,55628.04,56156.82,12281.57828747,40.2087747940303,-902.8917908368967,2416.8914285714286,64502.60624404952,55225.10575595046,-6683.18
2024-09-06,56156.82,56995.0,52530.0,53950.01,18495.45064356,35.48412863529329,-1213.4962860718224,2404.12,64927.70484293381,54245.25915706618,-5489.629999999997
2024-09-07,53950.0,54847.0,53733.1,54156.33,3284.57722628,36.23847055709068,-1426.5597933234385,2414.7157142857145,65226.090776527504,53518.7162234725,-4889.549999999996
2024-09-08,54159.6,55315.95,53623.95,54881.11,3684.86816392,38.939394400449096,-1519.415591958481,2445.8342857142857,65331.79645431714,52955.85454568286,-4483.360000000001
2024-09-09,54881.1,58119.97,54565.56,57053.9,10203.03329517,46.285265194705055,-1401.5226069351265,2578.109285714286,65303.961369888726,52787.32063011128,-2058.8699999999953
2024-09-10,57047.82,58050.35,56377.76,57645.59,6433.21371111,48.11580191715389,-1245.9841986469182,2326.0964285714285,65074.98801982099,52664.524980179005,-1322.780000000006
2024-09-11,57641.15,58014.35,55534.41,57352.79,11678.94297124,47.25754426180135,-1133.2816371829686,2332.8521428571426,64915.8451954944,52520.617804505586,53.79000000000087
2024-09-12,57352.92,58600.0,57311.15,58137.54,10175.62390483,49.83999736487667,-969.4658794869028,2248.8628571428567,64081.279645276016,52760.26535472398,-1002.2900000000009
2024-09-13,58137.33,60670.0,57630.01,60543.35,11935.95544754,56.82019138408368,-638.1556889331623,2306.745714285714,63325.082851180814,53152.83414881917,3074.510000000002
2024-09-14,60543.35,60660.0,59436.8,60012.35,3147.39019631,55.0009188323563,-413.6687226710201,2343.568571428571,62354.77287411947,53699.18612588053,2041.3499999999985
2024-09-15,60012.34,60402.34,58695.75,59122.33,3975.3568185,51.99585483234774,-304.0731938596946,2331.8571428571418,61577.40719649706,54104.78480350295,2965.510000000002
2024-09-16,59122.7,59214.15,57477.0,58208.75,7654.10991835,49.03432904271857,-287.62070611453237,2291.3685714285707,61444.87042718058,54114.23257281943,4258.739999999998
2024-09-17,58209.76,61373.41,57620.27,60312.6,11701.89074715,55.34238063007958,-103.62436151516886,2385.7921428571426,61641.68762457601,54044.08737542399,6156.269999999997
2024-09-18,60317.38,61800.0,59174.5,61769.18,11471.50683029,59.11534004678067,157.90763908564986,2360.738571428571,62101.724831481355,53824.521168518644,6888.07
2024-09-19,61770.38,63891.82,61569.16,62960.14,15075.86835522,61.94628329403284,456.0174670311826,2333.9228571428566,62840.66401708777,53470.318982912235,5906.239999999998
2024-09-20,62956.04,64140.67,62340.0,63210.69,10636.1082809,62.53402928764263,704.3694123784662,2143.6135714285706,63563.980600845876,53171.23439915412,5565.100000000006
2024-09-21,63210.94,63575.63,62755.0,63362.74,1960.85712028,62.908436697697354,903.0494902160426,2122.6657142857134,64294.65107579517,53046.93792420482,6009.949999999997
2024-09-22,63362.74,64000.0,62380.55,63577.66,2882.2341982,63.46421423366594,1065.5639729638133,2117.48357142857,64929.493996016994,52855.87800398301,5440.120000000003
2024-09-23,63580.39,64739.67,62566.28,63338.87,7014.74459935,62.346421279400815,1161.6981805529358,2018.8392857142842,65496.12691632064,52876.24808367936,2795.520000000004
2024-09-24,63338.85,64700.0,62689.15,64272.93,8933.46473574,64.94717265230658,1298.2901872902512,2043.0007142857128,66174.64653668554,52827.92146331448,4260.580000000002
2024-09-25,64272.93,64811.0,62932.8,63130.89,5909.09510453,59.53289179527611,1299.408481032704,2000.0192857142845,66516.35419753275,53183.62080246725,4008.5599999999977
2024-09-26,63131.13,65865.0,62652.99,65177.21,12789.85035505,65.14051044093236,1448.7157655200135,2137.3878571428563,66873.53187185667,53949.16312814333,6968.459999999999
2024-09-27,65176.39,66550.0,64827.85,65789.0,9529.0168808,66.62937157856602,1597.9885865226606,2043.2564285714277,67172.52500437241,54813.43699562758,5476.4000000000015
2024-09-28,65787.53,66266.39,65400.0,65858.99,2755.22680581,66.80404892639788,1702.3127786298937,2017.7699999999993,67376.15687051784,55707.593129482164,4089.810000000005
2024-09-29,65857.33,66059.0,65433.29,65600.01,2721.35197741,65.43907525634056,1743.9893077323723,1940.5642857142852,67669.76687349744,56268.59412650255,2639.8699999999953
2024-09-30,65600.01,65624.95,62833.95,63301.25,10629.74147917,54.74634302693994,1573.3904709011767,2015.839285714285,67599.6812345,56904.245765499996,90.55999999999767
2024-10-01,63305.52,64106.75,60150.89,60790.0,15970.80295516,45.919085965221214,1221.472402490399,2030.3192857142847,67309.58460469785,57538.06339530215,-2572.739999999998
2024-10-02,60792.63,62380.34,59969.2,60631.37,8764.03050337,45.42088302001032,919.1789596900417,2015.0078571428562,67088.75246739552,58008.27853260448,-2946.290000000001
2024-10-03,60631.36,61474.92,59824.87,60744.99,7834.55718072,45.87385806008824,680.9280975565416,1966.9642857142846,67080.94675634612,58036.24824365387,-2593.8800000000047
2024-10-04,60745.0,62481.0,60454.5,62090.71,7884.21831808,51.055164142885495,593.8553355139811,1983.0949999999991,67031.42158130971,58293.6094186903,-2182.220000000001
2024-10-05,62090.7,62380.04,61686.34,62051.29,1783.56564961,50.90145172932501,515.7237374975666,1974.028571428571,66863.24283898721,58754.68416101278,-1079.5999999999985
2024-10-06,62051.29,62978.75,61805.85,62810.86,2086.21821773,53.78850721052696,509.2248075702082,1942.1321428571428,66468.22197448781,59609.916025512175,-2366.3499999999985
2024-10-07,62810.93,64467.02,62113.28,62200.28,10707.1500015,51.183117647666926,449.62268517617485,1955.0142857142855,66343.55039386678,59923.35560613323,-3588.720000000001
2024-10-08,62203.82,63191.05,61824.48,62122.02,6566.33034742,50.84318111117911,391.5589974295508,1908.9942857142855,66333.3807115669,59968.80928843308,-3736.9700000000084
2024-10-09,62118.44,62507.68,60255.0,60578.28,7582.36723494,44.55675696137255,218.45794295650558,1935.7428571428572,66416.24494642169,59647.75905357831,-5021.729999999996
2024-10-10,60578.28,61271.59,58863.9,60279.53,10462.57962276,43.437438638761456,56.51600064336526,1878.2914285714282,66484.18103823069,59286.70696176932,-3021.720000000001
2024-10-11,60279.53,63416.7,60029.98,62518.75,11454.9900534,52.97326621196973,107.62158999183885,1997.1892857142848,66438.207389673,59248.281610327016,1728.75
2024-10-12,62518.75,63474.25,62464.15,63187.47,3943.90648994,55.39192727488544,199.78030996580492,2007.4542857142847,66406.12949479207,59241.34050520793,2556.0999999999985
2024-10-13,63183.08,63270.18,62033.0,62845.3,2257.61460657,53.86533909257888,242.4121240768509,2051.1307142857136,66373.30016430773,59224.81283569229,2100.310000000005
2024-10-14,62847.89,66500.0,62426.67,66065.65,13638.71106556,63.938486671524345,529.9446038040041,2142.7257142857134,66700.58309782753,59076.801902172454,3974.939999999995
2024-10-15,66065.64,67944.76,64778.44,67056.6,16324.01191342,66.37167879097527,828.2302263388992,2086.3299999999986,67329.16053280575,58840.79546719426,5005.310000000005
2024-10-16,67056.62,68399.0,66743.0,67608.44,12465.75691229,67.67952392480657,1096.5126915575383,2032.3914285714272,67825.74164741849,58587.33735258151,4797.580000000002
2024-10-17,67608.45,67926.99,66629.97,67402.33,7912.22639285,66.6371155464305,1277.7678116968382,2007.1749999999993,68146.40886456608,58428.00313543393,5202.050000000003
2024-10-18,67399.86,69000.62,67149.24,68426.11,11802.74441943,69.17664237190735,1486.884412242478,1994.666428571427,68679.5619879844,58151.562012015595,6304.090000000004
2024-10-19,68426.11,68689.29,68005.83,68363.73,1868.86958754,68.83284043634853,1628.8014706501272,1993.9349999999977,69191.06168423545,57916.43431576455,7785.449999999997
2024-10-20,68363.73,69380.0,68083.18,69014.86,2632.89214855,70.48192846062385,1773.3702033552545,2002.7864285714265,69979.53690901483,57699.32009098517,8735.330000000002
2024-10-21,69014.87,69498.0,66802.0,67346.15,10226.59346669,61.50090255252499,1733.3104901942643,2027.2335714285696,70321.88079995196,58012.59120004804,4827.399999999994
2024-10-22,67346.15,67800.0,66535.0,67380.08,8598.06472763,61.608023970087096,1684.8785156072263,2019.9785714285697,70582.60594448913,58426.73705551087,4192.610000000001
2024-10-23,67389.7,67415.65,65149.51,66601.11,9021.17140157,57.642589294759645,1565.5922846275498,2020.9399999999976,70673.67849455206,58921.276505447924,3755.8099999999977
2024-10-24,66601.1,68800.0,66445.32,68156.84,10016.19830413,62.79335930597049,1578.3967214995791,2017.153571428569,71014.81878903825,59186.749210961745,2091.1900000000023
2024-10-25,68156.84,68742.38,65500.01,66564.51,14485.49253537,55.37150210846621,1443.4177849007392,2006.8428571428553,71093.13168833792,59559.75831166207,-492.09000000001106
2024-10-26,66564.51,67365.18,66331.95,67012.56,2949.2199701,56.914646705184175,1356.9577316121795,2008.4949999999978,71222.92761505528,59850.132384944714,-595.8800000000047
2024-10-27,67008.15,68261.37,66836.78,67943.19,2819.59766921,60.00782283963294,1347.9927584474935,2021.8814285714263,71379.21720466137,60268.13379533863,540.8600000000006
2024-10-28,67943.18,70235.98,67532.48,69924.5,16140.14013624,65.66021885592086,1483.6603976096667,1924.036428571426,71770.67822791723,60656.920772082754,1498.3899999999994
2024-10-29,69924.49,73624.98,69705.76,72724.35,20616.91187006,71.73894894986972,1796.3947542454553,1977.8149999999982,72439.2431238006,61202.9628761994,4360.62000000001
2024-10-30,72724.35,72948.6,71400.01,72322.91,13543.49337837,69.83028395800775,1988.919110535644,1970.1428571428562,72657.8165787993,62188.72742120068,3308.050000000003
2024-10-31,72322.91,72684.02,69559.33,70197.83,14726.78460342,60.63367145589143,1947.5694852868182,2100.690714285713,72637.99564696947,62976.45635303052,2851.6800000000076
2024-11-01,70198.02,71620.0,68720.0,69467.29,15295.28781188,57.81479235528051,1834.7018360430084,2175.5921428571423,72481.0685930278,63761.36540697221,2087.209999999992
2024-11-02,69466.64,69891.92,69000.0,69358.94,2203.99644104,57.38864660170107,1716.721178247506,2190.4821428571427,72055.79840415397,64837.999595846035,2757.8300000000017
2024-11-03,69360.95,69364.65,67444.0,68738.18,6758.88506466,54.89227123881436,1555.2030995958048,2235.041428571428,72011.71718527125,65149.333814728765,581.3399999999965
2024-11-04,68736.4,69453.94,66783.77,67807.48,12431.01371517,51.289915783728425,1336.6906094886654,2233.1964285714275,71995.0557673506,65241.083232649406,1242.9700000000012
2024-11-05,67810.15,70557.67,67427.53,69380.73,12867.66127618,56.48814762674009,1275.7598481854948,2366.420714285713,72065.0802621807,65348.28773781929,2368.1699999999983
2024-11-06,69380.64,76509.56,69285.82,75646.55,45398.11837369,70.15078489059255,1713.3209913447063,2720.534999999999,73629.38484329941,64608.405156700566,7703.360000000001
2024-11-07,75646.55,76999.0,74463.96,75920.0,21932.40207681,70.5848774328171,2058.428200471215,2733.417857142856,74914.865758247,64072.313241753,5995.5
2024-11-08,75925.0,77312.18,75654.26,76566.73,18378.39876264,71.6355176798029,2356.9444674453116,2620.242857142856,76144.38548321453,63663.09351678546,3842.37999999999
2024-11-09,76566.72,76952.67,75758.58,76716.06,4836.57005338,71.88522240729516,2575.8773322546913,2631.7328571428557,77211.59290674597,63366.00609325403,4393.149999999994
2024-11-10,76716.06,81534.28,76535.33,80428.92,16728.21105103,77.24827868558272,3014.2337667092797,2887.0442857142843,79063.72341386019,62822.152586139804,10231.089999999997
2024-11-11,80427.69,89666.0,80277.34,88770.73,35560.11866694,84.43310304844661,3988.768708043106,3364.5557142857133,83209.34228918438,60815.59871081561,19303.440000000002
2024-11-12,88770.74,90100.0,85010.0,88035.43,40111.80924643,81.97570223404723,4648.180770819832,3448.182857142856,86061.80374813649,60106.569251863475,18676.48999999999
2024-11-13,88035.43,93495.0,86220.5,90493.82,42318.6909168,83.68536875513321,5307.954315493116,3857.1764285714266,89096.16130914066,59305.90969085934,21755.640000000014
2024-11-14,90499.4,91831.25,86672.07,87340.4,23422.75915863,73.99044468991057,5512.826530658858,4002.4971428571403,90776.55842769142,59703.10157230859,19532.92
2024-11-15,87338.96,91934.62,87100.83,91058.36,20388.33115227,77.32574860896221,5907.104117690047,4140.624999999997,92986.98763126394,59897.25236873606,21677.630000000005
2024-11-16,91058.36,91820.73,90069.21,90636.24,6598.0269304,76.13207375209564,6115.020242940242,4202.024999999996,94767.4833879711,60386.06161202889,14989.690000000002
2024-11-17,90638.54,91439.82,88713.64,89886.69,5574.55122824,73.94912121719659,6148.437489299322,4259.562857142854,96207.2380949053,60942.52590509469,13966.690000000002
2024-11-18,89877.11,92674.8,89372.65,90520.3,17340.77166451,74.61181721423762,6155.095816340792,4304.704285714283,97641.613446857,61287.745553143,13953.570000000007
2024-11-19,90521.32,94105.84,90403.24,92435.89,18267.16111244,76.55373508561138,6242.979510560268,4345.594285714283,99200.68797408474,61739.96902591527,15719.830000000002
2024-11-20,92445.04,94989.99,91600.0,94393.15,20329.039987,78.37388976801309,6396.823891950902,4071.7549999999983,100739.42179926994,62620.76720073004,13964.229999999996
2024-11-21,94384.15,99073.53,94127.2,98439.09,31188.09394751,81.56056522042277,6767.212009656374,4243.989999999999,102677.37336641282,63579.99563358718,9668.36
2024-11-22,98439.1,99860.0,97209.52,99024.03,29936.62215019,81.9741194599311,7026.944785526415,4314.887142857142,104262.96623772071,64960.911762279284,10988.600000000006
2024-11-23,99024.03,99044.11,97215.01,97778.77,12072.47203722,77.9652725231945,7051.023002683549,4360.245,105057.0146514561,67070.9223485439,7284.949999999997
2024-11-24,97778.78,98700.0,95780.77,98028.18,8654.77135767,78.19527464519925,7009.430118659278,4211.693571428571,105212.7233017292,69937.28369827081,10687.779999999999
2024-11-25,98032.06,98999.0,92534.93,93000.01,20695.912495,63.748391392115316,6495.855977401967,4002.7942857142853,104303.3761317119,73208.55886828809,1941.6499999999942
2024-11-26,93001.48,95004.92,90682.58,91929.54,17848.01962899,61.157823911621556,5934.062607728556,3947.961428571428,103883.43096452259,75256.80303547741,1293.2999999999884
2024-11-27,91929.53,97386.06,91747.46,95951.19,15213.90946356,66.64231176448523,5747.1018467852555,3831.1114285714275,103609.81500089179,77533.53799910822,6064.5
2024-11-28,95951.19,96676.31,94671.59,95665.53,5586.55288339,65.93020226738682,5512.340887678263,3605.7928571428565,102942.55755109328,80110.67544890672,5145.229999999996
2024-11-29,95665.53,98750.0,95383.46,97490.56,12587.02498942,68.26345422709174,5411.179100484151,3500.989285714285,101897.51187551372,83233.17112448627,5054.669999999998
2024-11-30,97489.8,97509.6,96129.73,96465.42,3476.04255853,65.54795858695684,5188.477881451909,3474.442857142858,100888.84167003432,85845.49132996569,2072.270000000004
2024-12-01,96464.95,97895.9,95753.42,97263.18,4039.27591451,66.65945311579276,5018.507890683599,3432.75,101178.5437866392,86405.0342133608,-1175.9100000000035
2024-12-02,97259.17,98200.0,94400.63,95862.89,15554.61486745,62.827896041948286,4716.445500301779,3468.2657142857133,101100.26557292082,87266.05842707917,-3161.1399999999994
2024-12-03,95862.89,96310.1,93571.3,95924.52,17898.7046212,62.928892925330395,4430.9546189450775,3399.422857142857,101185.87327789789,87723.52072210211,-1854.25
2024-12-04,95924.85,99263.2,94634.85,98746.24,17528.92050771,67.30847297072393,4381.878690600701,3487.8771428571417,101120.99195467193,88928.98604532804,718.0600000000122
2024-12-05,98746.24,104000.0,92055.86,97044.23,36399.8182427,62.51126984374483,4157.720072204393,3987.720714285713,101183.46519350901,89465.099806491,4044.220000000001
2024-12-06,97049.47,102104.12,96424.2,99891.35,17801.21293952,66.7769319776566,4161.836481469916,4204.109285714285,101548.3447547808,90025.7312452192,7961.810000000012
2024-12-07,99885.37,100583.27,99012.73,99929.32,4774.3508777,66.83113653757493,4120.662198342092,4185.640714285713,101619.65356043894,90958.68543956107,3978.1300000000047
2024-12-08,99919.2,101435.05,98729.66,101174.99,4230.35225168,68.63887190653615,4140.813717847734,4170.366428571428,101845.6801476635,91798.12785233652,5509.460000000006
2024-12-09,101175.0,101290.73,94220.8,97324.81,20103.05073464,58.0989938169194,3802.2763189664256,4213.642142857141,101647.84069999172,92484.85930000829,-165.75
2024-12-10,97330.66,98338.17,94273.38,96660.76,20620.53877488,56.487883841909465,3440.737031307668,4195.245714285712,101591.77557216851,92767.6854278315,195.3399999999965
2024-12-11,96660.75,101984.98,95722.79,101202.11,21190.23753294,63.867354524480945,3480.5420107054233,4239.787857142856,102056.88005466442,92578.88294533556,3938.9300000000076
2024-12-12,101211.61,102595.0,99298.39,100030.47,14796.92456547,60.993325063863686,3378.5997921628586,4332.0657142857135,102203.87266444608,92532.5343355539,4167.580000000002
2024-12-13,100024.75,101959.13,99220.81,101428.75,13327.59954074,63.1259652469898,3371.771674590622,4287.192857142857,102715.88783015641,92385.51716984356,5504.229999999996
2024-12-14,101428.74,102650.0,100600.0,101399.99,4181.40180281,63.04960972005035,3325.703016383428,4335.059285714285,103162.71465924193,92275.87134075805,2653.75
2024-12-15,101400.0,105100.0,101221.34,104447.76,7796.33358128,67.53160376881257,3494.8365403933567,4459.072142857142,104044.38373814574,92538.97726185423,7403.529999999999
2024-12-16,104445.15,107857.79,103289.21,106099.81,22575.87902891,69.67858104391479,3719.3088279749936,4514.015714285713,104941.03925348309,93059.34874651689,6208.459999999992
2024-12-17,106099.98,108388.88,105337.97,106136.99,11994.58863972,69.72709777705046,3855.7580694936623,4536.309285714285,106064.42920783724,92954.53879216276,6207.669999999998
2024-12-18,106145.83,106528.13,99939.82,100150.73,22294.42835455,54.58335761132297,3441.1860727405583,4676.306428571428,106037.0275193581,93430.46048064188,-1024.2600000000093
2024-12-19,100148.6,102796.22,95539.67,97372.21,23522.12863874,49.2380240485582,2855.5148379882303,4341.478571428571,106040.19260713455,93415.46039286544,47.40000000000873
2024-12-20,97372.2,98132.47,92115.66,97765.0,21766.62386138,49.98371280230106,2395.447804059906,4365.542142857143,105989.46477269506,93596.14622730491,1104.2400000000052
2024-12-21,97762.75,99596.57,96368.0,97230.08,6451.43271418,48.929560205046116,1965.0261928162217,4483.972857142857,105990.6714698054,93591.62953019461,-3972.029999999999
2024-12-22,97230.09,97387.98,94182.98,95087.75,4933.50127735,44.84994585618654,1434.5097031772602,4519.659285714285,106063.99501197076,93440.79198802925,-4942.720000000001
2024-12-23,95091.15,96430.08,92360.91,94764.56,13476.98947566,44.25053779385932,976.7336534239148,4305.319285714286,106173.20438906239,93215.58661093764,-6664.190000000002
2024-12-24,94767.88,99444.0,93426.25,98594.47,13355.36314305,52.3736634426373,912.4662223815685,4444.816428571429,106170.64549106368,93202.96850893632,-2805.520000000004
2024-12-25,98594.47,99484.92,97557.48,99346.28,5254.2370598,53.796838727620774,911.6892183183954,4135.191428571429,106168.90567225414,93434.91332774587,-5101.479999999996
2024-12-26,99358.67,99887.0,95083.93,95669.49,11403.37268934,46.48146620731644,607.3856485444703,4242.795714285715,106219.8789478179,92961.7540521821,-10430.319999999992
2024-12-27,95669.4,97340.47,93234.31,94171.89,13169.12897588,43.86503193372049,242.58273036211904,4340.498571428572,106356.55933643063,92249.33066356936,-11965.100000000006
2024-12-28,94171.7,95534.17,94002.72,95130.82,2722.6591363,45.962526310901666,30.499843121113372,4303.459285714286,106232.31174104685,91769.16125895314,-5019.909999999989
2024-12-29,95125.59,95170.06,92841.48,93563.35,3417.52751094,43.12589763878268,-261.04988156196487,4192.739285714286,106413.95834078074,91211.36865921925,-3808.8600000000006
2024-12-30,93563.35,94910.48,91271.19,92620.71,15271.24432744,41.46842103545844,-561.6934563813265,4126.361428571429,106654.57985039812,90566.74214960187,-5144.289999999994
2024-12-31,92620.7,96148.94,91887.13,93354.22,10348.6325655,43.29474339710444,-732.3257334462978,4212.854285714287,106492.28531523094,89944.24768476906,-3875.8600000000006
2025-01-01,93347.59,94960.91,92743.63,94383.59,6871.73848196,45.848322203238986,-775.5514122471068,3900.6378571428577,106334.02240518283,89537.8225948172,-704.1600000000035
2025-01-02,94383.59,97776.99,94177.0,96903.19,10912.47383962,51.594338822193166,-599.5857598859438,3639.455000000001,105953.95414699666,89465.33485300335,2138.6300000000047
2025-01-03,96905.48,98969.92,96016.63,98136.51,9021.88538159,54.1584850040038,-356.5035449604038,3420.632142857143,105610.45275443328,89482.48824556674,-457.9600000000064
2025-01-04,98139.85,98761.02,97516.65,98209.85,2742.08960614,54.313468206072876,-156.14131338101288,3278.903571428572,104629.43517929701,89839.71482070298,-1136.429999999993
2025-01-05,98209.85,98814.0,97250.0,98345.33,2377.92175899,54.6186942730834,13.42455253881053,3161.689285714286,102992.1715672062,90701.53043279379,2675.8399999999965
2025-01-06,98347.65,102500.0,97900.0,102279.41,15173.44718169,62.4613740724689,459.9520594271162,3199.605714285715,101718.72224845972,91589.22175154027,8107.520000000004
2025-01-07,102279.41,102735.99,96105.11,96941.98,16587.2869223,49.86936510295074,378.77603708117385,3243.4007142857154,101287.9694295697,91699.09957043029,1811.159999999989
2025-01-08,96941.98,97254.35,92500.0,95036.63,14182.29739458,46.28240409526916,158.8663211453968,3445.3228571428585,101194.79470123269,91558.71629876731,1473.2799999999988
2025-01-09,95033.18,95363.26,91187.0,92547.44,9712.37853215,42.02923838958268,-213.80592149539734,3400.5507142857145,101176.34182394252,91055.41317605748,-73.27000000000407
2025-01-10,92547.44,95862.92,92209.25,94701.18,12634.03407823,46.60163857627102,-331.5407449718623,3368.23,101059.04425968092,90919.82074031908,1346.9599999999919
2025-01-11,94701.48,94983.65,93804.05,94565.02,2638.69956767,46.35272336617894,-430.86665231129155,3343.097857142857,101057.80973492177,90868.78226507823,181.43000000000757
2025-01-12,94569.91,95383.84,93670.3,94509.62,2025.81612971,46.24449149632511,-508.195307322967,3299.166428571428,101058.94847378322,90842.14952621677,-2393.570000000007
2025-01-13,94507.24,95900.0,89028.64,94506.45,13094.86359481,46.23783858688895,-563.2419138725963,3530.028571428571,100734.85731339427,90757.43868660573,-3630.0599999999977
2025-01-14,94507.35,97353.29,94311.36,96534.96,11210.73131611,51.08712024938548,-438.13242425909266,3442.894285714285,100317.94861653807,90893.21538346192,-1674.8899999999994
2025-01-15,96534.97,100716.45,96400.0,100510.23,13600.98371987,58.90915776164154,-18.00365120852075,3592.834999999999,101046.00428462558,90649.2337153744,2164.899999999994
2025-01-16,100504.27,100880.0,97277.58,99981.78,12312.37366854,57.59068589602654,269.2066826767841,3593.00857142857,101585.57981297198,90690.64718702804,-2297.6300000000047
2025-01-17,99981.46,105970.0,99937.81,104107.0,20518.30949325,64.30658353891735,820.2385205336323,3812.9299999999994,103066.29292640476,90107.55207359525,7165.020000000004
2025-01-18,104107.0,104933.15,102233.45,104435.0,7835.2994471,64.78410507367178,1268.7764160564257,3916.8821428571414,104326.35667673306,89934.65332326692,9398.369999999995
2025-01-19,104435.01,106314.44,99518.0,101211.13,13312.63685598,56.74802988043099,1348.561189858534,4290.627857142856,104647.15027893534,90472.90172106466,8663.690000000002
2025-01-20,101217.78,109358.01,99416.27,102145.43,32342.18311338,58.36008137791611,1470.2334634657745,4672.180714285712,105078.8769366332,90920.29606336681,7444.25
2025-01-21,102145.42,107291.1,100051.0,106159.26,19411.23488978,64.48430023276646,1868.9975130046078,4715.696428571427,106329.22807701913,90847.51192298086,11594.23999999999
2025-01-22,106159.27,106431.34,103100.0,103667.11,10730.018962,58.710563635125915,1961.3163835777086,4614.052857142854,106943.52743472015,90909.60456527983,9157.490000000005
2025-01-23,103659.6,106870.87,101200.01,103926.36,25064.86499945,59.12061344584407,2031.9757108520425,4720.809999999998,107525.69867177359,90906.41832822641,9419.910000000003
2025-01-24,103926.36,107200.0,102751.92,104850.27,12921.99361413,60.62151514542003,2137.8813865131233,4777.55357142857,108211.55630016357,90884.60269983644,8315.309999999998
2025-01-25,104866.13,105294.0,104104.0,104733.56,3404.85308291,60.32023260021714,2187.1823986519885,4778.296428571427,108810.7898297043,90924.19217029572,4223.330000000002
2025-01-26,104729.92,105478.8,102452.24,102563.0,4575.36611531,54.8595396930763,2027.7333067533618,4872.08357142857,108841.95380895754,90921.38719104248,2581.220000000001
2025-01-27,102565.28,103228.46,97715.03,102062.42,23646.33771582,53.6532077704517,1839.7684249894373,4775.0885714285705,109036.71265299257,91238.67234700744,-2044.5800000000017
2025-01-28,102063.92,103770.85,100213.8,101290.0,9485.4685812,51.7617850321787,1609.9189201887639,4811.882857142858,109028.37942684701,91872.342573153,-3145.0
2025-01-29,101290.01,104829.64,101275.6,103747.25,11401.29813651,56.95990877101455,1607.5106879923405,4757.425,108846.27323959573,93174.42976040428,2536.1199999999953
2025-01-30,103747.25,106484.77,103289.74,104742.64,13061.34881233,58.89235150195997,1666.709016750232,4728.325714285714,108921.39085524277,94103.45814475724,2597.2100000000064
2025-01-31,104742.63,106090.0,101506.0,102411.26,13313.68104489,52.90128491875522,1508.1166074665234,4624.8835714285715,108557.06523376529,95252.40776623471,-3748.0
2025-02-01,102414.05,102781.65,100250.0,100623.85,3390.25555744,48.802256283766475,1224.0913681990496,4612.879999999999,107928.15365446152,96492.74234553849,-3043.2599999999948
2025-02-02,100623.88,101459.84,96179.0,97676.52,10366.65062753,42.89948357875418,752.5000682806567,4504.622857142856,107310.50891489783,97427.39408510216,-6249.8399999999965
2025-02-03,97676.53,102599.85,91178.01,101460.2,31328.72219576,51.07987420342166,676.2762285351346,4610.344285714286,106759.1418172086,98471.2851827914,-3390.070000000007
2025-02-04,101460.15,101812.23,96145.76,97795.05,14168.7031661,44.438533476533166,316.47320618710364,4497.942142857143,107067.8169994709,97891.09200052911,-6938.509999999995
2025-02-05,97795.06,99230.49,96161.01,96638.33,9308.59185883,42.55788695840765,-61.304241022182396,4479.237857142858,107489.63163994312,97134.93236005689,-5924.669999999998
2025-02-06,96635.62,99182.15,95674.96,96564.62,9168.94674634,42.434647182068716,-362.46509862464154,4324.6900000000005,107634.53951458089,96235.78648541911,-5497.800000000003
2025-02-07,96575.24,100235.79,95614.96,96537.08,12171.82534167,42.385260720409384,-596.4836041693052,4337.029285714285,107593.80008134649,95486.73391865352,-4752.919999999998
2025-02-08,96536.93,96919.05,95682.33,96476.25,2972.45715184,42.26824610554907,-777.8864378106373,4340.366428571428,107767.67484689811,94839.37115310189,-7271.0
2025-02-09,96476.24,97342.28,94730.67,96475.82,3417.87009701,42.26735779325798,-911.1806643067102,4310.727142857142,107817.42072067485,94222.66427932517,-8266.819999999992
2025-02-10,96481.47,98367.23,95257.2,97444.41,6375.72539123,45.06784927241605,-927.9631988628098,4139.055714285713,107106.27623331138,94062.32376668863,-4966.849999999991
2025-02-11,97451.66,98500.0,94831.07,95774.08,7737.05105717,41.34336907273523,-1063.78252708925,4147.047142857141,106879.25283517526,93500.04416482477,-4849.770000000004
2025-02-12,95770.95,98119.98,94066.92,97862.53,9078.50356189,47.21691161161695,-991.4708038810204,4182.691428571427,106410.58703244262,93362.3269675574,186.00999999999476
2025-02-13,97864.28,98100.0,95220.0,96625.29,6803.6078927,44.38160174472106,-1022.214715283335,4160.189285714284,105712.50753600778,93237.90846399222,-4834.9100000000035
2025-02-14,96625.29,98890.11,96268.56,97509.03,7744.67640105,46.83724716123525,-964.1548770340596,4020.0142857142846,104888.689505736,93339.273494264,-286.0200000000041
2025-02-15,97507.94,97997.85,97225.01,97596.94,1626.51929078,47.08751428045221,-900.6661162742676,3894.3849999999998,104439.5281254314,93291.82887456859,958.6100000000006
2025-02-16,97596.54,97738.22,96057.68,96119.88,2174.29326885,43.39140669911143,-958.4883565191703,3637.220714285715,104057.80631329477,93079.29668670523,-444.7399999999907
2025-02-17,96119.88,97050.64,95200.0,95781.8,3533.01273263,42.56778846622146,-1019.8370819928823,2953.5635714285713,103760.15841096475,92826.12458903524,-755.2799999999988
2025-02-18,95781.8,96730.0,93333.0,95607.4,8867.39878431,42.123607986003144,-1070.192498452423,2791.4585714285713,102830.52062250073,92941.77737749928,-868.8500000000058
2025-02-19,95612.97,96880.0,95000.01,96632.03,6945.44897339,45.70803089974564,-1015.7119558101549,2706.4949999999994,101247.35929211248,93713.87770788751,156.20999999999185
2025-02-20,96632.03,98768.54,96419.07,98347.2,10582.84622768,51.16073242499306,-824.6300268931664,2623.8007142857136,100286.47220256767,94268.35879743233,902.7899999999936
2025-02-21,98347.2,99517.52,94721.92,96157.03,19298.23921958,44.95228205417872,-840.2388856973121,2636.2842857142864,99652.35414933563,94455.79485066437,382.9499999999971
2025-02-22,96157.03,96982.52,95767.95,96582.12,7324.02366243,46.31402474674427,-808.9823632709595,2634.702142857144,99588.51971716009,94410.18928283991,-1280.4100000000035
2025-02-23,96578.49,96679.93,95243.91,96265.98,3787.84705335,45.41425543652328,-800.4936079423787,2550.7314285714288,98270.5625903218,95208.72440967821,-359.3099999999977
2025-02-24,96266.23,96515.41,91300.0,91510.82,12644.0435007,34.543583106414545,-1164.0494422810443,2701.115714285715,99154.79564164349,93696.06835835651,-5998.209999999992
2025-02-25,91509.88,92549.99,85836.18,88583.74,31587.91715546,29.812912086471712,-1669.12037297622,2918.607142857145,100461.47330734368,91583.93169265629,-9013.199999999997
2025-02-26,88583.17,89305.68,82111.12,84111.78,21568.55463119,24.330677992860686,-2402.547451179271,3143.0000000000023,102319.30139008738,88480.8196099126,-12008.100000000006
2025-02-27,84111.77,86993.87,82554.11,84625.19,16836.55524727,26.01281277232215,-2908.834564287885,3254.4114285714304,103203.975554997,86404.956445003,-11156.61
2025-02-28,84627.5,85116.19,78167.81,84297.73,30755.74245077,25.62158865492094,-3298.471310292778,3563.470714285716,103768.54685087562,84622.5331491244,-11309.669999999998
2025-03-01,84297.74,86534.96,83772.54,86018.76,6852.5441262,31.456316584570104,-3428.862706048254,3705.5835714285736,103844.82888375755,83500.54511624246,-10613.270000000004
2025-03-02,86018.82,95128.88,85003.35,94265.48,16751.22972996,51.20786105437109,-2834.087842824796,4308.7971428571445,103535.97330349637,83491.50769650363,-4081.720000000001
2025-03-03,94265.47,94415.61,85007.01,86161.1,22691.67068614,39.24064800483602,-2982.3020913781947,4848.65142857143,103510.5980604318,82555.58493956819,-9995.929999999993
2025-03-04,86161.09,88977.27,81444.0,87249.96,23130.37098654,41.22795127938706,-2977.5773904855305,5144.099285714287,103024.98005238516,81979.94594761482,-9332.159999999989
2025-03-05,87247.93,91000.0,86329.22,90603.73,14900.93396554,46.98016843950559,-2672.4059879002743,5343.44142857143,102570.67680549783,81832.09319450219,-5662.25
2025-03-06,90607.73,92817.29,87790.5,89921.85,13302.87500105,45.99450254456981,-2457.251800827493,5534.678571428573,101925.46396571517,81718.58803428482,-1588.9700000000012
2025-03-07,89915.02,91280.0,84608.27,86756.98,27137.2022302,41.628913572946914,-2513.1490981257084,5668.687857142859,101241.08112111707,81318.97487888295,-1826.7600000000093
2025-03-08,86753.3,86863.38,85200.0,86206.69,3023.2478665,40.901968568059765,-2572.2011789362587,5700.745714285716,100717.91904846359,80850.81795153643,2094.9100000000035
2025-03-09,86206.64,86480.0,80000.0,80699.17,7565.44749561,34.423019219891316,-3028.5005450535245,6061.030000000002,100633.82027390024,79426.65372609974,-3926.020000000004
2025-03-10,80708.21,84033.66,77389.0,78544.71,21375.10120997,32.26963529387153,-3523.3529766832507,6163.119285714288,100604.92368118491,77749.2813188151,-5753.0199999999895
2025-03-11,78548.18,83600.0,76555.0,82914.51,17096.37980265,40.41181153502527,-3522.3176683967613,6186.775714285715,99679.2117243066,77303.2412756934,-3104.25
2025-03-12,82911.81,84442.69,80572.21,83659.43,12612.03125479,41.69848887797464,-3421.942339472618,5949.34142857143,98118.52682757667,77395.14917242333,-10606.050000000003
2025-03-13,83659.45,84310.8,79890.0,81073.43,10504.15100874,38.58377766363566,-3510.594804395616,5947.987142857144,96978.5320059506,77026.78399404939,-5087.670000000013
2025-03-14,81071.5,85318.61,80771.17,83980.49,10857.45703924,43.677008304296926,-3308.142863188332,5776.49142857143,95341.97651097638,77403.17648902361,-3269.470000000001
2025-03-15,83989.86,84690.43,83612.24,84351.46,2331.92028578,44.311672352058615,-3082.2339877331833,5656.189285714286,93471.63121089381,78082.06978910619,-6252.2699999999895
2025-03-16,84351.45,85092.35,81969.44,82562.57,4059.89765099,41.862001680699514,-3012.8181566759304,5156.002142857143,92652.01264642418,78006.86335357581,-7359.279999999999
2025-03-17,82562.5,84758.46,82416.98,84011.4,7785.97733364,44.53634127225043,-2808.5222416689503,4651.207857142857,92279.69205048548,77921.94994951454,-2745.5800000000017
2025-03-18,84011.39,84029.67,81125.0,82698.76,7316.63296603,42.62333331415949,-2721.1674109179585,4320.5935714285715,92277.5109146083,77782.82908539173,-3507.9300000000076
2025-03-19,82699.53,87045.45,82535.53,86877.96,13053.65803714,49.98882144395097,-2288.333085846185,4309.103571428571,92433.54284363157,77852.07415636843,6178.790000000008
2025-03-20,86877.97,87492.87,83596.75,84183.42,9880.31696275,45.89777841101705,-2138.0890638002456,4228.341428571429,92430.79539985236,77843.39060014763,5638.709999999992
2025-03-21,84183.41,84809.72,83100.0,84061.96,6257.63558757,45.71615818910993,-2005.6999403876107,3873.912142857143,92335.65544115237,77742.85055884763,1147.4500000000116
2025-03-22,84061.96,84517.75,83659.69,83852.03,2108.51345069,45.38190071213171,-1895.8658415271493,3816.3892857142855,90389.87207352753,78647.28892647247,192.60000000000582
2025-03-23,83852.06,86128.99,83804.67,86092.94,3467.46945277,49.61669796945974,-1609.4461248526932,3519.5550000000003,90382.52755298713,78647.8174470129,5019.510000000009
2025-03-24,86092.95,88804.64,85533.06,87523.62,13107.50391644,52.166636634882124,-1252.5736274598603,3278.6207142857143,90424.273202445,78633.43779755502,3543.12999999999
2025-03-25,87518.09,88584.34,86321.97,87427.88,10153.98312373,51.97705756065969,-966.3357035485387,2937.0042857142857,89722.61681564742,79017.50918435257,3076.4199999999983
2025-03-26,87432.82,88304.1,85850.0,86926.01,6885.71986041,50.93216368609108,-771.0980628368416,2835.834285714286,89061.94267668398,79378.59932331601,4363.439999999988
2025-03-27,87429.61,87474.54,87108.87,87217.48,261.49922823,51.541445557131595,-586.0954889135901,2559.2435714285716,89139.8306112127,79346.7613887873,3206.0800000000017
2025-03-28,87214.07,87498.15,83533.4,84381.8,10031.80008987,45.60795820735342,-660.6793926613027,2517.6228571428574,88961.77847282875,79342.32452717122,1683.0400000000081
2025-03-29,84381.81,84584.13,81608.99,82616.83,3194.24303663,42.340750333125285,-852.380292832182,2653.1192857142864,88839.33705568656,79656.53194431345,-4261.130000000005
2025-03-30,82624.06,83508.98,81538.88,82379.98,2472.72302228,41.9068975458434,-1011.75358734974,2570.7757142857145,88288.46163751048,80590.93436248953,-1803.4400000000023
2025-03-31,82379.98,83920.8,81265.16,82534.32,6887.94694226,42.32164762545917,-1112.776725933567,2593.2157142857136,88304.76400385969,80536.61299614032,-1527.6399999999994
2025-04-01,82534.31,85566.53,82403.32,85170.37,9130.97692565,49.01664143962643,-968.9615014515875,2611.682857142856,88376.74178362449,80615.7292163755,1318.3399999999965
2025-04-02,85166.92,88530.0,82283.01,82490.08,16748.28262337,43.48911611513996,-1059.055767154292,2735.759285714285,88230.13488790917,80904.00111209083,-3602.8600000000006
2025-04-03,82490.1,83953.45,81177.7,83174.33,11800.91106566,45.1884433962193,-1062.989385386827,2655.7328571428566,88234.47403710352,80819.0459628965,-4349.289999999994
2025-04-04,83178.68,84720.67,81643.54,83860.16,14593.03092888,46.91162372290484,-999.2473553936725,2753.4049999999997,88221.29188372236,80783.09811627763,-3567.720000000001
2025-04-05,83859.78,84238.35,82346.61,83498.25,2836.42920662,46.088211637973785,-966.7898976452707,2827.2392857142863,88188.02090150212,80909.93709849789,-3427.7599999999948
2025-04-06,83505.88,83773.58,77058.99,78370.75,11014.8594773,36.3526216212075,-1339.3740558464342,3140.8299999999995,88836.71325872131,79697.17974127867,-8846.729999999996
2025-04-07,78370.15,81223.67,74420.69,79140.01,26706.52930797,38.45315870921064,-1554.6557290143392,3393.0728571428563,89164.98301566113,79013.03498433885,-5241.790000000008
2025-04-08,79140.02,80849.98,76167.35,76251.64,14917.02351692,33.92580566201828,-1936.0181142140937,3565.94857142857,89546.91761040718,77568.46838959282,-6365.190000000002
2025-04-09,76258.8,83583.35,74553.01,82594.75,23584.94464084,48.31693052682863,-1706.7403463311202,4035.6799999999994,89474.67747699318,77481.84152300682,214.77000000000407
2025-04-10,82593.15,82730.93,78387.24,79552.34,11876.12778689,43.430842371492474,-1750.3561082879896,4306.762857142856,89491.05069086711,77014.50630913289,-2981.9800000000105
2025-04-11,79552.34,84299.0,78919.94,83380.47,9964.68703141,50.2483146393752,-1459.2030316640157,4407.784999999998,89461.4979385498,76996.90306145021,-1789.8999999999942
2025-04-12,83379.64,85909.97,82765.26,85271.01,3972.49282052,53.24509376551015,-1063.6502447744133,4419.897142857141,89351.34780819263,77024.86019180735,2780.929999999993
2025-04-13,85271.02,86092.99,83010.0,83733.07,3904.15929557,50.576199697605354,-864.3075172139215,4499.3892857142855,88824.3514089459,77172.80159105409,558.7400000000052
2025-04-14,83733.07,85818.06,83655.27,84590.36,7247.02343319,52.01992869024928,-629.8898529746075,4464.185714285713,88357.4338932913,77355.96710670869,730.1999999999971
2025-04-15,84590.36,86491.4,83592.77,83629.78,6460.94144192,50.248738608832234,-515.6785222688923,4445.2871428571425,87867.15279394209,77516.6252060579,131.52999999999884
2025-04-16,83622.52,85526.4,83088.02,84028.72,8243.05901273,50.99500603529484,-388.4957586416858,4173.243571428569,87301.17965230219,77763.72234769781,5657.970000000001
2025-04-17,84028.71,85494.94,83711.69,84961.97,5862.46405539,52.77942471848663,-209.97654772417445,4102.3507142857125,87384.30671633958,77738.61228366045,5821.960000000006
2025-04-18,84961.97,85150.94,84287.06,84466.47,1884.03911217,51.70295423990375,-107.24523948140268,3944.2614285714267,87551.61556125962,77756.26743874038,8214.830000000002
2025-04-19,84466.47,85625.0,84353.45,85074.99,1683.18995187,52.97152372624208,23.00732668580895,3899.962142857141,87801.57057717149,77775.81342282853,2480.2400000000052
2025-04-20,85074.59,85319.21,83972.82,85177.34,1812.14325365,53.19420872397713,132.95953862095485,3516.519285714284,88043.63370033754,77798.05229966245,5625.0
2025-04-21,85177.33,88575.62,85135.98,87522.07,12581.69779747,58.09014631288508,404.6332141983876,3276.2807142857127,88476.85985979499,77599.99614020501,4141.600000000006
2025-04-22,87513.53,93952.62,87077.17,93489.1,19460.09432868,67.42772774262113,1088.8741484633501,3432.9107142857133,90746.08383456692,76430.67416543308,8218.090000000011
2025-04-23,93486.57,94686.0,91902.19,93740.92,12538.03891773,67.75424600417676,1632.6397334462818,2986.729999999998,92585.54324045112,75647.87375954886,10007.849999999991
2025-04-24,93740.93,94061.02,91685.18,94021.96,9318.65682559,68.13812412601041,2062.4804654591717,2846.1692857142853,94178.6414856482,75070.95551435181,9431.600000000006
2025-04-25,94021.97,95976.34,92880.01,94708.79,14147.35380158,69.10608882991171,2430.5360764042125,2683.117142857143,95725.42000390202,74645.23099609799,11079.009999999995
2025-04-26,94707.79,95273.52,93903.01,94666.64,2253.98942317,68.96761541700494,2687.837924564519,2556.3885714285716,96837.42056285853,75162.81943714149,10637.919999999998
2025-04-27,94666.64,95351.11,93654.77,93780.57,2304.93789541,65.97477778909203,2788.11341329907,2457.3421428571423,97596.19435009641,75868.10164990359,8818.600000000006
2025-04-28,93780.56,95652.66,92829.44,95042.57,7347.77103346,68.09816691550829,2935.575822839819,2504.5157142857142,97954.00176798253,77389.38723201747,10576.100000000006
2025-04-29,95042.56,95499.0,93761.26,94271.09,5979.42521239,65.41079338036371,2956.1126300544856,2421.595000000001,98649.41216891246,77861.61083108756,9196.099999999991
2025-04-30,94271.08,95263.74,92911.88,94182.54,6511.24661593,65.093268856864,2931.451010293269,2415.415000000002,98847.52109102307,79126.52190897694,9005.199999999997
2025-05-01,94182.55,97546.99,94136.79,96524.98,8333.27177503,69.33407584413928,3065.583689850231,2531.625714285717,99681.94844945915,79606.54555054086,9002.909999999989
2025-05-02,96524.98,97948.56,96369.69,96929.81,5709.61012071,70.01214444236562,3168.032100445009,2582.6964285714307,100545.75722778327,79908.61677221674,3440.709999999992
2025-05-03,96929.81,96974.78,95765.13,95861.33,2077.55675998,65.87216750823465,3126.960147487116,2578.2750000000015,100969.11870295674,80698.08129704327,2120.4100000000035
2025-05-04,95865.47,96312.51,94151.67,94272.55,2834.39686495,60.17423657561027,2932.406108588635,2636.450000000001,101116.98555586548,81518.43344413454,250.5899999999965
2025-05-05,94272.54,95218.82,93500.01,94733.99,5180.15893934,61.223348181767875,2783.370025593089,2513.5335714285734,101078.45771278357,82667.38228721646,25.20000000001164
2025-05-06,94733.99,96916.25,93363.28,96839.17,6163.86755769,65.66689122613775,2802.819134065605,2276.2135714285737,101188.28119984313,83838.60380015688,2172.529999999999
2025-05-07,96843.84,97738.05,95800.0,97058.32,8326.90882779,66.10236836739156,2803.598132053303,2215.8021428571456,101245.74444451269,84990.7755554873,3277.75
2025-05-08,97058.33,104176.05,96888.25,103253.49,15378.0851355,75.54536532521225,3266.460217290907,2566.6564285714308,102316.42226981882,85798.79973018118,8210.919999999998
2025-05-09,103252.2,104352.6,102330.76,102986.96,7318.16790891,74.58274197051271,3570.615181881163,2489.9071428571456,102992.4774311244,86913.9415688756,8715.87000000001
2025-05-10,102986.94,104997.0,102831.41,104821.19,3104.17143581,76.77594573380502,3914.542801638425,2546.6985714285734,103742.37674463697,88128.42725536303,10638.650000000009
2025-05-11,104817.83,104980.89,103360.22,104137.62,3055.11580217,74.20611873776619,4084.861788039241,2541.2935714285736,104336.1403472647,89196.21865273529,7612.639999999999
2025-05-12,104137.58,105787.37,100703.71,102800.21,11005.25730989,69.31748222647886,4065.0634806548333,2702.7535714285727,105092.77678032841,89370.6932196716,5870.400000000009
2025-05-13,102800.22,105038.53,101447.78,104131.06,8727.62104466,71.34078791522538,4109.39114887896,2835.1114285714293,106004.44604159241,89498.03795840759,8269.729999999996
2025-05-14,104131.2,104373.0,102603.27,103545.38,7628.28115726,69.1787698839102,4050.569223426297,2793.530714285715,106671.38007746763,89783.44592253237,9272.830000000002
2025-05-15,103540.91,104200.0,101400.01,103786.43,7563.00946962,69.58728490390124,3977.552396095285,2749.944285714286,107302.92678860838,90059.66321139164,9052.439999999988
2025-05-16,103786.4,104616.71,103125.51,103500.03,6881.58784289,68.42681219858953,3852.1705240143347,2743.6821428571443,107783.59354125659,90462.33545874342,6660.860000000001
2025-05-17,103500.03,103741.98,102612.0,103161.07,1848.95251021,67.00265743497218,3682.9979402014724,2737.99142857143,108048.02168047355,91135.95731952644,6102.75
2025-05-18,103162.53,106692.97,103130.95,106473.46,4130.60889099,72.9315318934304,3772.7200703742856,2838.075714285716,108866.47285356831,91460.59514643169,3219.970000000001
2025-05-19,106488.77,107137.68,102105.0,105616.18,10104.32339011,69.45334917820888,3731.6342171435826,3074.780714285715,109294.4244226586,92167.15257734139,2629.2199999999866
2025-05-20,105616.21,107355.0,104209.18,106883.24,8804.35789335,71.60853181923133,3757.994711425592,3045.6985714285724,109766.98943465808,92964.65756534191,2062.050000000003
2025-05-21,106883.24,110788.98,106128.14,109699.54,18333.91491262,75.71060654497613,3960.483478040551,3240.183571428572,110881.20717622314,93167.89582377687,5561.919999999998
2025-05-22,109697.19,112000.0,109217.23,111722.53,11250.38756124,78.15245072851974,4235.372927917895,2918.395714285715,112275.89584375141,93252.47915624859,8922.319999999992
2025-05-23,111722.54,111824.07,106800.01,107329.61,9638.23489571,63.27641021519842,4052.043432204504,3132.8400000000006,112472.40939771895,94202.79360228106,3198.550000000003
2025-05-24,107332.08,109517.79,106895.77,107794.01,2611.3560546,64.05534776018263,3899.278232631841,3165.442142857143,112284.17148505063,95743.17751494936,4248.62999999999
2025-05-25,107794.01,109371.04,106632.35,109048.68,2996.9984274,66.14467507633606,3835.241814361172,3245.3007142857136,112040.5186469243,97418.2993530757,5262.25
2025-05-26,109048.41,110474.41,108706.04,109464.32,4641.37953944,66.83246824097898,3774.520839199118,3008.4942857142864,111947.61260740919,98773.72039259083,5964.290000000008
2025-05-27,109464.33,110829.42,107536.41,108978.46,8827.06474254,65.16587508571175,3645.17488043457,2987.2271428571435,111446.32531286213,100467.02168713788,5817.389999999999
2025-05-28,108978.45,109344.89,106790.16,107819.29,6472.90543401,61.24202585299801,3409.825597864794,3043.298571428572,111580.22708724093,100789.69991275907,1345.8299999999872
2025-05-29,107819.26,108943.35,105315.0,105572.58,9298.23507793,54.40432529396907,3007.351993596574,3102.4671428571432,111506.9649960087,101121.5240039913,-43.59999999999127
2025-05-30,105572.58,106377.66,103634.48,104033.26,7866.16241154,50.26356231689909,2534.957095738602,3191.894285714286,111526.88081097604,101022.81518902395,-2849.9800000000105
2025-05-31,104033.0,104965.5,103110.01,104645.87,2403.60824408,51.83472389515306,2184.8279068670963,3243.7164285714293,111513.52679552615,101086.99420447386,-5053.669999999998
2025-06-01,104645.87,105937.46,103800.81,105697.94,2369.92891564,54.49340213253464,1969.53765453909,3141.904285714287,111403.68637529893,101486.60762470106,-6024.5899999999965
2025-06-02,105697.93,106000.0,103685.23,105904.94,5818.58522452,55.0194998273796,1794.9309023785172,2947.767857142859,111380.28903073477,101687.3929692652,-1424.6699999999983
2025-06-03,105909.79,106901.68,104910.01,105447.82,6486.4597778,53.54727556461173,1601.2102743053838,2865.328571428573,111299.94523662586,101957.98076337417,-2346.189999999988
2025-06-04,105443.95,106058.47,104202.0,104753.38,4505.03599201,51.30144930297313,1375.790519840055,2665.0164285714304,111243.24672449702,102111.37427550297,-4295.299999999988
2025-06-05,104753.37,105999.68,100345.73,101570.2,10615.73387107,42.50193616854314,929.572187767888,2870.1007142857156,111497.56115462171,101664.07684537827,-7894.12000000001
2025-06-06,101570.2,105439.01,101132.91,104397.99,9674.99998609,50.60713811669245,794.9562046598585,2818.817857142857,111407.04466111308,101878.28533888694,-4580.470000000001
2025-06-07,104398.0,106000.0,103969.7,105619.02,4141.10124271,53.64567652282321,777.832614422412,2776.5521428571437,111385.98531084412,101813.90068915591,-2200.2699999999895
2025-06-08,105619.02,106548.9,105028.3,105784.4,1998.61011035,54.05791881199847,768.745213359769,2689.5457142857153,111387.70345147874,101829.00454852128,211.81999999999243
2025-06-09,105784.41,110651.12,105368.27,110301.15,6581.17607855,63.58344372854101,1113.1753667909215,2940.5799999999995,111836.34321806474,101722.15578193525,6267.889999999999
2025-06-10,110299.69,110420.08,108362.14,110300.24,5433.45970171,63.580583486511536,1370.2696993447753,2852.3607142857145,111945.91601184606,101672.65298815393,5654.37000000001
2025-06-11,110300.25,110435.05,108091.74,108669.37,4603.3324446,58.501467467453615,1425.9833821223583,2837.259285714286,111339.91185258132,101973.3411474187,2971.429999999993
2025-06-12,108673.77,108853.74,105706.78,105721.05,5733.99212646,50.627555727121496,1218.1895622800366,2802.874285714286,111266.06532287603,101886.33167712399,-183.88999999999942
2025-06-13,105716.45,106233.0,102746.01,106118.7,7440.85014327,51.57425307817833,1073.2270018647687,2856.003571428572,111150.45264303224,101834.41335696777,670.8799999999901
2025-06-14,106114.53,106264.36,104351.72,105465.42,2256.48458127,49.882044703485015,895.308334851492,2860.085714285714,110830.83379598871,101795.70620401127,712.0399999999936
2025-06-15,105465.42,106184.13,104505.05,105599.25,1722.80945227,50.24222557011903,756.3863212672877,2827.4021428571423,110394.13906908919,101845.89393091081,4029.050000000003
2025-06-16,105600.21,109000.0,104982.26,106853.38,5952.78379577,53.60698236297307,738.9690590999817,2949.0428571428565,110089.74897470015,101937.77602529984,2455.3899999999994
2025-06-17,106853.38,107792.9,103363.3,104590.44,7688.11861976,47.38094635357227,536.3823259592173,3123.1807142857133,109882.71911942473,101821.92088057526,-1028.5800000000017
2025-06-18,104590.44,105603.63,103512.38,104915.6,4918.14382744,48.30992596142714,397.48659684939776,3139.9507142857133,109870.1282513765,101768.81374862348,-868.7999999999884
2025-06-19,104915.6,105266.61,103916.37,104671.9,2276.96928472,47.63119490403843,264.6949390357331,2832.5428571428565,109852.53813392475,101850.26786607526,-5629.25
2025-06-20,104671.4,106553.86,102357.25,103317.8,5047.4378748,43.93737788608813,49.620051130026695,2824.722142857143,109912.46302748536,101657.53597251466,-6982.440000000002
2025-06-21,103317.79,104013.64,100919.19,102160.03,3287.51327489,41.00904909413032,-211.80910664373368,2900.7328571428566,110043.07913722133,101173.12886277869,-6509.3399999999965
2025-06-22,102160.36,103059.18,101870.48,102937.77,333.93160467,43.72247232933207,-352.1768045389181,2877.0257142857145,110048.751547458,100870.73945254201,-2783.279999999999
